symbol,scenario,mode,model,n_runs,scored_sessions,precision_mean,precision_std,recall_mean,recall_std,f1_score_mean,f1_score_std,detect_price_drop,detect_price_spike,detect_volume_spike,detect_drift,detect_gap_reversal,detect_volatility_burst
AAPL,basic,batch,isolation_forest,10,500,0.7679999999999999,0.07547184905645282,0.7679999999999999,0.07547184905645282,0.7679999999999999,0.07547184905645282,0.9886363636363636,0.9864864864864865,0.36363636363636365,,,
AAPL,basic,batch,lof,10,500,0.6159999999999999,0.10910545357588684,0.6159999999999999,0.10910545357588684,0.6159999999999999,0.10910545357588684,0.9090909090909091,0.7702702702702703,0.19318181818181818,,,
AAPL,basic,batch,ocsvm,10,500,0.38399999999999995,0.08428523002282193,0.38399999999999995,0.08428523002282193,0.38399999999999995,0.08428523002282193,0.42045454545454547,0.36486486486486486,0.36363636363636365,,,
AAPL,basic,batch,autoencoder,10,500,0.328,0.142884568795934,0.328,0.142884568795934,0.328,0.142884568795934,0.375,0.5675675675675675,0.07954545454545454,,,
AAPL,basic,batch,ensemble,10,500,0.392,0.12874781551544864,0.392,0.12874781551544864,0.392,0.12874781551544864,0.45454545454545453,0.7027027027027027,0.06818181818181818,,,
AAPL,basic,walk_forward,isolation_forest,10,440,0.46563335871442285,0.06260912564448355,0.8,0.07660136157433053,0.5863416648252795,0.06122923761665401,1.0,0.9054054054054054,0.4931506849315068,,,
AAPL,basic,walk_forward,lof,10,440,0.3837123921710627,0.07886919792250681,0.75,0.10010325247975112,0.5048860654418453,0.0861821153975755,0.821917808219178,0.8378378378378378,0.589041095890411,,,
AAPL,basic,walk_forward,ocsvm,10,440,0.36291299181214637,0.07352830953114678,0.6909090909090908,0.10325287901455045,0.4717642168498952,0.07739419610465863,0.8493150684931506,0.6351351351351351,0.589041095890411,,,
AAPL,basic,walk_forward,autoencoder,10,440,0.29483440651460313,0.0793268941248379,0.55,0.09192612916434856,0.38129318191544337,0.08497912027523724,0.5616438356164384,0.7702702702702703,0.3150684931506849,,,
AAPL,basic,walk_forward,ensemble,10,440,0.3549797885761341,0.06858689473032309,0.6954545454545454,0.07619570279200097,0.4673173039144287,0.06988389774747183,0.7671232876712328,0.8648648648648649,0.4520547945205479,,,
AAPL,extended,batch,isolation_forest,10,500,0.2840000000000001,0.07683749084919418,0.2840000000000001,0.07683749084919418,0.2840000000000001,0.07683749084919418,0.7777777777777778,0.6666666666666666,0.42105263157894735,0.4117647058823529,0.11538461538461539,0.7777777777777778
AAPL,extended,batch,lof,10,500,0.4880000000000001,0.07959899496852961,0.4880000000000001,0.07959899496852961,0.4880000000000001,0.07959899496852961,0.8888888888888888,0.9166666666666666,0.6842105263157895,0.23529411764705882,0.7692307692307693,1.0
AAPL,extended,batch,ocsvm,10,500,0.272,0.06881860213634101,0.272,0.06881860213634101,0.272,0.06881860213634101,0.6111111111111112,0.3333333333333333,0.3684210526315789,0.47058823529411764,0.4230769230769231,0.8888888888888888
AAPL,extended,batch,autoencoder,10,500,0.368,0.06144916598294887,0.368,0.06144916598294887,0.368,0.06144916598294887,0.4444444444444444,0.4166666666666667,0.2631578947368421,0.29411764705882354,0.5384615384615384,0.9444444444444444
AAPL,extended,batch,ensemble,10,500,0.40800000000000003,0.07756287771866127,0.40800000000000003,0.07756287771866127,0.40800000000000003,0.07756287771866127,0.7222222222222222,0.75,0.47368421052631576,0.29411764705882354,0.5,1.0
AAPL,extended,walk_forward,isolation_forest,10,440,0.21205192790678873,0.056610214314544126,0.4136363636363637,0.12928602412116263,0.27994578872499,0.0782055992271078,0.5833333333333334,1.0,0.7333333333333333,0.6,0.391304347826087,0.7647058823529411
AAPL,extended,walk_forward,lof,10,440,0.2654799701450499,0.109286928523286,0.5272727272727272,0.20144108914691217,0.3525386285232238,0.1403597093644929,0.6666666666666666,0.9,0.8666666666666667,0.4,0.7391304347826086,1.0
AAPL,extended,walk_forward,ocsvm,10,440,0.23189889319384577,0.08039755950129168,0.4818181818181818,0.1603199280777127,0.3124025661855336,0.10598341673889662,0.6666666666666666,0.8,0.6666666666666666,0.5333333333333333,0.5217391304347826,0.9411764705882353
AAPL,extended,walk_forward,autoencoder,10,440,0.23077747016091138,0.0865283887642054,0.47727272727272724,0.17158714625615337,0.3102178853779488,0.11296132698629902,0.6666666666666666,0.4,0.6,0.4666666666666667,0.6086956521739131,1.0
AAPL,extended,walk_forward,ensemble,10,440,0.2469643662312738,0.08418275542946897,0.5045454545454546,0.1657066012141653,0.3306557295204501,0.10904256355789907,0.6666666666666666,0.8,0.8,0.5333333333333333,0.5652173913043478,0.9411764705882353
JPM,basic,batch,isolation_forest,10,500,0.7719999999999999,0.0996794863550169,0.7719999999999999,0.0996794863550169,0.7719999999999999,0.0996794863550169,1.0,0.9864864864864865,0.36363636363636365,,,
JPM,basic,batch,lof,10,500,0.6359999999999999,0.0747261667690776,0.6359999999999999,0.0747261667690776,0.6359999999999999,0.0747261667690776,0.8068181818181818,0.8513513513513513,0.2840909090909091,,,
JPM,basic,batch,ocsvm,10,500,0.308,0.05381449618829484,0.308,0.05381449618829484,0.308,0.05381449618829484,0.29545454545454547,0.2702702702702703,0.3522727272727273,,,
JPM,basic,batch,autoencoder,10,500,0.31199999999999994,0.10703270528207721,0.31199999999999994,0.10703270528207721,0.31199999999999994,0.10703270528207721,0.20454545454545456,0.6756756756756757,0.11363636363636363,,,
JPM,basic,batch,ensemble,10,500,0.44400000000000006,0.10650821564555477,0.44400000000000006,0.10650821564555477,0.44400000000000006,0.10650821564555477,0.4772727272727273,0.7567567567567568,0.14772727272727273,,,
JPM,basic,walk_forward,isolation_forest,10,440,0.5649932374503367,0.14891385581448913,0.8227272727272726,0.08731533051044794,0.6632102533573018,0.12037703064033713,1.0,0.9864864864864865,0.4794520547945205,,,
JPM,basic,walk_forward,lof,10,440,0.48043261254534075,0.13071864514279793,0.8045454545454545,0.09968960090664232,0.5943448923535997,0.12051651073902342,0.863013698630137,0.918918918918919,0.6301369863013698,,,
JPM,basic,walk_forward,ocsvm,10,440,0.47919484319484323,0.1384478840319941,0.740909090909091,0.12539194749212473,0.5741080623853706,0.13296560675289545,0.8767123287671232,0.7027027027027027,0.6438356164383562,,,
JPM,basic,walk_forward,autoencoder,10,440,0.34919712281025445,0.09017123715485435,0.55,0.07172606290027046,0.4216166323192211,0.07662895834525507,0.589041095890411,0.7027027027027027,0.3561643835616438,,,
JPM,basic,walk_forward,ensemble,10,440,0.4290928798322121,0.11321438303085438,0.6727272727272727,0.06363636363636363,0.5170813462975733,0.09028326602384702,0.7945205479452054,0.8108108108108109,0.410958904109589,,,
JPM,extended,batch,isolation_forest,10,500,0.33599999999999997,0.05425863986500215,0.33599999999999997,0.05425863986500215,0.33599999999999997,0.05425863986500215,0.6666666666666666,1.0,0.3684210526315789,0.5882352941176471,0.038461538461538464,0.8333333333333334
JPM,extended,batch,lof,10,500,0.504,0.12674383614203888,0.504,0.12674383614203888,0.504,0.12674383614203888,0.8333333333333334,1.0,0.9473684210526315,0.35294117647058826,0.8076923076923077,1.0
JPM,extended,batch,ocsvm,10,500,0.26799999999999996,0.08588364221433556,0.26799999999999996,0.08588364221433556,0.26799999999999996,0.08588364221433556,0.4444444444444444,0.16666666666666666,0.3157894736842105,0.5294117647058824,0.34615384615384615,0.7777777777777778
JPM,extended,batch,autoencoder,10,500,0.42000000000000004,0.06511528238439884,0.42000000000000004,0.06511528238439884,0.42000000000000004,0.06511528238439884,0.6666666666666666,0.75,0.3684210526315789,0.47058823529411764,0.2692307692307692,1.0
JPM,extended,batch,ensemble,10,500,0.44400000000000006,0.0703135833249878,0.44400000000000006,0.0703135833249878,0.44400000000000006,0.0703135833249878,0.7222222222222222,1.0,0.7368421052631579,0.35294117647058826,0.23076923076923078,1.0
JPM,extended,walk_forward,isolation_forest,10,440,0.31568752039932113,0.12548273882683142,0.5136363636363637,0.2300287441614544,0.3890912003661314,0.15965828408029603,0.5833333333333334,0.9,0.5333333333333333,0.4666666666666667,0.391304347826087,0.8823529411764706
JPM,extended,walk_forward,lof,10,440,0.29556319770177625,0.10592140298655169,0.5409090909090908,0.2240222096427565,0.3817389920829106,0.14384401030762256,0.75,0.9,0.8666666666666667,0.3333333333333333,0.6956521739130435,0.9411764705882353
JPM,extended,walk_forward,ocsvm,10,440,0.29445828399915747,0.10158531382006665,0.5772727272727273,0.21613624414488622,0.38967033218379193,0.13806462100229233,0.6666666666666666,0.9,0.8,0.6,0.4782608695652174,0.8823529411764706
JPM,extended,walk_forward,autoencoder,10,440,0.27353879059042835,0.08945466785521346,0.509090909090909,0.19687643479734285,0.3545060424530801,0.12163608553179958,0.5,0.7,0.6666666666666666,0.5333333333333333,0.5652173913043478,0.9411764705882353
JPM,extended,walk_forward,ensemble,10,440,0.31958242902514034,0.11244871183007579,0.5818181818181818,0.22063020180930176,0.4118240203708631,0.1478250913633822,0.5833333333333334,0.9,0.8,0.4666666666666667,0.5652173913043478,0.8823529411764706
KO,basic,batch,isolation_forest,10,500,0.7799999999999999,0.09999999999999999,0.7799999999999999,0.09999999999999999,0.7799999999999999,0.09999999999999999,1.0,0.9864864864864865,0.38636363636363635,,,
KO,basic,batch,lof,10,500,0.6679999999999999,0.1580379701211073,0.6679999999999999,0.1580379701211073,0.6679999999999999,0.1580379701211073,0.9318181818181818,0.7972972972972973,0.29545454545454547,,,
KO,basic,batch,ocsvm,10,500,0.324,0.09372299611087985,0.324,0.09372299611087985,0.324,0.09372299611087985,0.32954545454545453,0.35135135135135137,0.29545454545454547,,,
KO,basic,batch,autoencoder,10,500,0.41999999999999993,0.22144976857066254,0.41999999999999993,0.22144976857066254,0.41999999999999993,0.22144976857066254,0.42045454545454547,0.6621621621621622,0.2159090909090909,,,
KO,basic,batch,ensemble,10,500,0.5439999999999999,0.16608431593621356,0.5439999999999999,0.16608431593621356,0.5439999999999999,0.16608431593621356,0.6704545454545454,0.7972972972972973,0.20454545454545456,,,
KO,basic,walk_forward,isolation_forest,10,440,0.5064009806549261,0.08771827903307018,0.8454545454545455,0.08181818181818182,0.6311467189524775,0.08304181299149457,1.0,0.9864864864864865,0.547945205479452,,,
KO,basic,walk_forward,lof,10,440,0.4466951986265083,0.11300331505638345,0.8363636363636363,0.0582102203402986,0.5766918287141454,0.10189415581762097,0.958904109589041,0.9324324324324325,0.6164383561643836,,,
KO,basic,walk_forward,ocsvm,10,440,0.38853701019868037,0.10413662411793129,0.6863636363636363,0.10650340467145437,0.4920315791819759,0.10837193477988687,0.8082191780821918,0.6351351351351351,0.6164383561643836,,,
KO,basic,walk_forward,autoencoder,10,440,0.3315814810174064,0.07516782790726736,0.5863636363636363,0.06571287406727708,0.42094295295906725,0.0737404969067944,0.7671232876712328,0.7297297297297297,0.2602739726027397,,,
KO,basic,walk_forward,ensemble,10,440,0.3719605009745378,0.0917210697691803,0.6499999999999999,0.07343406555183414,0.470340157898399,0.09187157502664745,0.8082191780821918,0.8513513513513513,0.2876712328767123,,,
KO,extended,batch,isolation_forest,10,500,0.4640000000000001,0.08616263691415205,0.4640000000000001,0.08616263691415205,0.4640000000000001,0.08616263691415205,0.9444444444444444,0.9166666666666666,0.5263157894736842,0.5882352941176471,0.19230769230769232,0.9444444444444444
KO,extended,batch,lof,10,500,0.45999999999999996,0.12296340919151519,0.45999999999999996,0.12296340919151519,0.45999999999999996,0.12296340919151519,0.8888888888888888,0.9166666666666666,0.7368421052631579,0.23529411764705882,0.8076923076923077,1.0
KO,extended,batch,ocsvm,10,500,0.236,0.08845337754998393,0.236,0.08845337754998393,0.236,0.08845337754998393,0.2777777777777778,0.5833333333333334,0.42105263157894735,0.35294117647058826,0.23076923076923078,0.8888888888888888
KO,extended,batch,autoencoder,10,500,0.356,0.07472616676907762,0.356,0.07472616676907762,0.356,0.07472616676907762,0.5,0.5,0.42105263157894735,0.29411764705882354,0.38461538461538464,1.0
KO,extended,batch,ensemble,10,500,0.46399999999999997,0.10910545357588683,0.46399999999999997,0.10910545357588683,0.46399999999999997,0.10910545357588683,0.8888888888888888,0.8333333333333334,0.5789473684210527,0.35294117647058826,0.5769230769230769,1.0
KO,extended,walk_forward,isolation_forest,10,440,0.2760958853238265,0.0664527956658474,0.5363636363636364,0.14200453956193917,0.363129317734315,0.08759897370616633,0.6666666666666666,0.9,0.5333333333333333,0.8,0.34782608695652173,0.9411764705882353
KO,extended,walk_forward,lof,10,440,0.3095681638461867,0.08967800838238546,0.5909090909090908,0.18630819574472,0.4042924663913167,0.11727153696919779,0.75,0.9,0.8666666666666667,0.3333333333333333,0.9130434782608695,1.0
KO,extended,walk_forward,ocsvm,10,440,0.29822591838915485,0.10542423031867931,0.5954545454545455,0.19439458891220995,0.39547899284500454,0.13173683375709608,0.75,0.9,0.7333333333333333,0.4666666666666667,0.9130434782608695,1.0
KO,extended,walk_forward,autoencoder,10,440,0.3087378708995985,0.07877938892056781,0.5,0.13016200966614866,0.3808744766347819,0.09609133681994704,0.75,0.6,0.6,0.3333333333333333,0.6521739130434783,1.0
KO,extended,walk_forward,ensemble,10,440,0.3305080195402776,0.09302669467349627,0.6136363636363636,0.19839229857086538,0.4284744179022214,0.1254326629116073,0.8333333333333334,1.0,0.7333333333333333,0.4666666666666667,0.8695652173913043,1.0
NVDA,basic,batch,isolation_forest,10,500,0.748,0.08399999999999998,0.748,0.08399999999999998,0.748,0.08399999999999998,0.9886363636363636,0.9864864864864865,0.3068181818181818,,,
NVDA,basic,batch,lof,10,500,0.58,0.08988882021697693,0.58,0.08988882021697693,0.58,0.08988882021697693,0.6477272727272727,0.6216216216216216,0.4772727272727273,,,
NVDA,basic,batch,ocsvm,10,500,0.38,0.05727128425310541,0.38,0.05727128425310541,0.38,0.05727128425310541,0.5568181818181818,0.2972972972972973,0.2727272727272727,,,
NVDA,basic,batch,autoencoder,10,500,0.4079999999999999,0.10552724766618335,0.4079999999999999,0.10552724766618335,0.4079999999999999,0.10552724766618335,0.4090909090909091,0.5405405405405406,0.29545454545454547,,,
NVDA,basic,batch,ensemble,10,500,0.488,0.06881860213634103,0.488,0.06881860213634103,0.488,0.06881860213634103,0.6590909090909091,0.581081081081081,0.23863636363636365,,,
NVDA,basic,walk_forward,isolation_forest,10,440,0.6012634503573783,0.08232269323420949,0.8454545454545455,0.07660136157433053,0.7002937122054427,0.07127468805675649,0.9726027397260274,0.9324324324324325,0.6301369863013698,,,
NVDA,basic,walk_forward,lof,10,440,0.4156313218116613,0.10204523323082354,0.7363636363636364,0.10523488093445661,0.5283895080796631,0.10533964022543002,0.821917808219178,0.6486486486486487,0.7397260273972602,,,
NVDA,basic,walk_forward,ocsvm,10,440,0.4097169059931665,0.09177876370231895,0.7,0.1272727272727273,0.510298605206302,0.09141012838374436,0.821917808219178,0.5945945945945946,0.684931506849315,,,
NVDA,basic,walk_forward,autoencoder,10,440,0.34487886875586293,0.08550026382876336,0.5909090909090908,0.07041787902195303,0.43062626429716866,0.07509031156438692,0.6986301369863014,0.6216216216216216,0.4520547945205479,,,
NVDA,basic,walk_forward,ensemble,10,440,0.39428803024377684,0.07645417248369192,0.7045454545454547,0.06182486594879748,0.5011415736063622,0.06542742535696841,0.7808219178082192,0.7567567567567568,0.5753424657534246,,,
NVDA,extended,batch,isolation_forest,10,500,0.29999999999999993,0.07429670248402684,0.29999999999999993,0.07429670248402684,0.29999999999999993,0.07429670248402684,0.8888888888888888,0.9166666666666666,0.3157894736842105,0.5294117647058824,0.07692307692307693,0.7222222222222222
NVDA,extended,batch,lof,10,500,0.548,0.116,0.548,0.116,0.548,0.116,0.8333333333333334,1.0,1.0,0.29411764705882354,0.8846153846153846,1.0
NVDA,extended,batch,ocsvm,10,500,0.20400000000000001,0.08475848040166836,0.20400000000000001,0.08475848040166836,0.20400000000000001,0.08475848040166836,0.3888888888888889,0.25,0.5263157894736842,0.23529411764705882,0.2692307692307692,0.6666666666666666
NVDA,extended,batch,autoencoder,10,500,0.46399999999999997,0.09991996797437437,0.46399999999999997,0.09991996797437437,0.46399999999999997,0.09991996797437437,0.7222222222222222,0.5833333333333334,0.6842105263157895,0.47058823529411764,0.5,1.0
NVDA,extended,batch,ensemble,10,500,0.52,0.0876356092008266,0.52,0.0876356092008266,0.52,0.0876356092008266,0.7777777777777778,1.0,1.0,0.47058823529411764,0.7307692307692307,1.0
NVDA,extended,walk_forward,isolation_forest,10,440,0.3045295465489817,0.06529625859635255,0.4590909090909091,0.09192612916434857,0.364894345587282,0.07438053927529167,0.8333333333333334,0.9,0.4666666666666667,0.8,0.13043478260869565,0.8235294117647058
NVDA,extended,walk_forward,lof,10,440,0.27732919355923225,0.06692481576977012,0.55,0.15,0.3677210657392449,0.09129400563458524,0.8333333333333334,0.9,0.8666666666666667,0.6666666666666666,0.7391304347826086,0.9411764705882353
NVDA,extended,walk_forward,ocsvm,10,440,0.2673675080834359,0.06840203049734393,0.5181818181818182,0.13205308223939954,0.3496350883843281,0.0842607254240938,0.75,0.8,0.8,0.6666666666666666,0.6086956521739131,0.9411764705882353
NVDA,extended,walk_forward,autoencoder,10,440,0.27516121309446084,0.07794923895228385,0.5136363636363637,0.14805906795365759,0.3573559745898546,0.10073697551629598,0.75,0.7,0.8,0.6666666666666666,0.5652173913043478,0.9411764705882353
NVDA,extended,walk_forward,ensemble,10,440,0.302493477705511,0.05691588032494022,0.5909090909090909,0.13936099742505356,0.3985499291942355,0.07913418234642206,0.8333333333333334,0.8,0.8666666666666667,0.8,0.6521739130434783,0.9411764705882353
TSLA,basic,batch,isolation_forest,10,500,0.732,0.09806120537705007,0.732,0.09806120537705007,0.732,0.09806120537705007,1.0,0.9594594594594594,0.2727272727272727,,,
TSLA,basic,batch,lof,10,500,0.616,0.07838367176906169,0.616,0.07838367176906169,0.616,0.07838367176906169,0.8409090909090909,0.2972972972972973,0.6590909090909091,,,
TSLA,basic,batch,ocsvm,10,500,0.33199999999999996,0.07386474125047754,0.33199999999999996,0.07386474125047754,0.33199999999999996,0.07386474125047754,0.3977272727272727,0.2702702702702703,0.3181818181818182,,,
TSLA,basic,batch,autoencoder,10,500,0.39199999999999996,0.15367498169838836,0.39199999999999996,0.15367498169838836,0.39199999999999996,0.15367498169838836,0.2727272727272727,0.4594594594594595,0.45454545454545453,,,
TSLA,basic,batch,ensemble,10,500,0.508,0.09641576634555159,0.508,0.09641576634555159,0.508,0.09641576634555159,0.5454545454545454,0.4864864864864865,0.48863636363636365,,,
TSLA,basic,walk_forward,isolation_forest,10,440,0.5107414441276401,0.0886872626263325,0.8681818181818182,0.06878520886555255,0.6410629149399526,0.08845452184668304,0.9863013698630136,1.0,0.6164383561643836,,,
TSLA,basic,walk_forward,lof,10,440,0.31539257856751807,0.06537638168412004,0.7454545454545455,0.06492207662311683,0.43771541825870824,0.06140484476779189,0.8356164383561644,0.6216216216216216,0.7808219178082192,,,
TSLA,basic,walk_forward,ocsvm,10,440,0.30895242459538447,0.08393105442880704,0.6954545454545455,0.10174104220726995,0.4211319286443721,0.08436999392824787,0.821917808219178,0.6621621621621622,0.6027397260273972,,,
TSLA,basic,walk_forward,autoencoder,10,440,0.35524491072414444,0.09529918842693437,0.5727272727272726,0.09136250564655354,0.4349232333139083,0.09566365194903083,0.6575342465753424,0.5945945945945946,0.4657534246575342,,,
TSLA,basic,walk_forward,ensemble,10,440,0.3511820875997211,0.08023379420092379,0.7181818181818183,0.10909090909090911,0.4682746785601578,0.08912343387844164,0.863013698630137,0.6891891891891891,0.6027397260273972,,,
TSLA,extended,batch,isolation_forest,10,500,0.31999999999999995,0.06693280212272605,0.31999999999999995,0.06693280212272605,0.31999999999999995,0.06693280212272605,0.8888888888888888,0.75,0.21052631578947367,0.5882352941176471,0.07692307692307693,0.7777777777777778
TSLA,extended,batch,lof,10,500,0.52,0.10881176406988355,0.52,0.10881176406988355,0.52,0.10881176406988355,1.0,0.75,0.9473684210526315,0.17647058823529413,0.8461538461538461,1.0
TSLA,extended,batch,ocsvm,10,500,0.21200000000000002,0.06705221845696084,0.21200000000000002,0.06705221845696084,0.21200000000000002,0.06705221845696084,0.2222222222222222,0.16666666666666666,0.5789473684210527,0.35294117647058826,0.07692307692307693,0.7222222222222222
TSLA,extended,batch,autoencoder,10,500,0.396,0.08089499366462674,0.396,0.08089499366462674,0.396,0.08089499366462674,0.7222222222222222,0.4166666666666667,0.2631578947368421,0.17647058823529413,0.2692307692307692,1.0
TSLA,extended,batch,ensemble,10,500,0.45199999999999996,0.07807688518377255,0.45199999999999996,0.07807688518377255,0.45199999999999996,0.07807688518377255,0.8888888888888888,0.6666666666666666,0.7368421052631579,0.23529411764705882,0.34615384615384615,1.0
TSLA,extended,walk_forward,isolation_forest,10,440,0.28732780915677963,0.07932338809930593,0.5363636363636364,0.15320272314866107,0.3723028952975502,0.10093333060972981,0.9166666666666666,0.9,0.7333333333333333,0.7333333333333333,0.43478260869565216,0.9411764705882353
TSLA,extended,walk_forward,lof,10,440,0.22323398804617506,0.08693022905963317,0.6,0.2149380075915798,0.32468375256069526,0.12302262681741165,0.9166666666666666,0.9,1.0,0.4666666666666667,0.9130434782608695,1.0
TSLA,extended,walk_forward,ocsvm,10,440,0.2081266039954305,0.05391244985800848,0.5727272727272726,0.15507929190210892,0.3046720883262334,0.07925463820490834,0.8333333333333334,0.9,0.9333333333333333,0.6,0.782608695652174,0.8823529411764706
TSLA,extended,walk_forward,autoencoder,10,440,0.3245041934469719,0.11151090491631703,0.5681818181818182,0.21149800225694257,0.4104490257058993,0.14292612174715347,0.6666666666666666,0.8,0.8,0.6666666666666666,0.782608695652174,0.9411764705882353
TSLA,extended,walk_forward,ensemble,10,440,0.261814535866566,0.08208528795061057,0.6045454545454546,0.20128718023167755,0.36393394021466,0.1146929095990457,0.75,0.8,0.8666666666666667,0.6,0.8260869565217391,0.9411764705882353
XOM,basic,batch,isolation_forest,10,500,0.8119999999999999,0.07386474125047755,0.8119999999999999,0.07386474125047755,0.8119999999999999,0.07386474125047755,1.0,0.9864864864864865,0.4772727272727273,,,
XOM,basic,batch,lof,10,500,0.592,0.09765244492586964,0.592,0.09765244492586964,0.592,0.09765244492586964,0.9318181818181818,0.7432432432432432,0.125,,,
XOM,basic,batch,ocsvm,10,500,0.40800000000000003,0.08726969691708572,0.40800000000000003,0.08726969691708572,0.40800000000000003,0.08726969691708572,0.4318181818181818,0.4594594594594595,0.3409090909090909,,,
XOM,basic,batch,autoencoder,10,500,0.34800000000000003,0.21692394980729995,0.34800000000000003,0.21692394980729995,0.34800000000000003,0.21692394980729995,0.3522727272727273,0.6081081081081081,0.125,,,
XOM,basic,batch,ensemble,10,500,0.45600000000000007,0.1641462762294655,0.45600000000000007,0.1641462762294655,0.45600000000000007,0.1641462762294655,0.5568181818181818,0.7297297297297297,0.125,,,
XOM,basic,walk_forward,isolation_forest,10,440,0.6107252253078999,0.14648840371231991,0.8227272727272726,0.06248966856757963,0.694610633486261,0.10913203340187176,1.0,0.9864864864864865,0.4794520547945205,,,
XOM,basic,walk_forward,lof,10,440,0.4656276160636626,0.17622129210893084,0.759090909090909,0.0611528365776078,0.5619674525937856,0.14202504694259446,0.863013698630137,0.7702702702702703,0.6438356164383562,,,
XOM,basic,walk_forward,ocsvm,10,440,0.4304950157216563,0.12957868972782166,0.6909090909090909,0.12162807418417866,0.5161659083866857,0.10899980752195458,0.863013698630137,0.6081081081081081,0.6027397260273972,,,
XOM,basic,walk_forward,autoencoder,10,440,0.32984758881533077,0.09725304631308307,0.5318181818181819,0.10375192918648479,0.398134093864822,0.0838154529967101,0.6301369863013698,0.6756756756756757,0.2876712328767123,,,
XOM,basic,walk_forward,ensemble,10,440,0.38958992094861666,0.11999942959091064,0.6590909090909091,0.0767361046187915,0.4794391677617484,0.09839951423452441,0.7808219178082192,0.8108108108108109,0.3835616438356164,,,
XOM,extended,batch,isolation_forest,10,500,0.43200000000000005,0.07959899496852961,0.43200000000000005,0.07959899496852961,0.43200000000000005,0.07959899496852961,1.0,0.9166666666666666,0.5263157894736842,0.6470588235294118,0.19230769230769232,1.0
XOM,extended,batch,lof,10,500,0.516,0.12191800523302536,0.516,0.12191800523302536,0.516,0.12191800523302536,1.0,1.0,0.8947368421052632,0.35294117647058826,0.8461538461538461,1.0
XOM,extended,batch,ocsvm,10,500,0.23600000000000004,0.05782732917920385,0.23600000000000004,0.05782732917920385,0.23600000000000004,0.05782732917920385,0.3888888888888889,0.5833333333333334,0.3684210526315789,0.4117647058823529,0.23076923076923078,0.8888888888888888
XOM,extended,batch,autoencoder,10,500,0.45999999999999996,0.1203328716519306,0.45999999999999996,0.1203328716519306,0.45999999999999996,0.1203328716519306,0.7222222222222222,0.75,0.3157894736842105,0.23529411764705882,0.7692307692307693,1.0
XOM,extended,batch,ensemble,10,500,0.52,0.1277497553813705,0.52,0.1277497553813705,0.52,0.1277497553813705,0.9444444444444444,0.8333333333333334,0.7368421052631579,0.35294117647058826,0.8076923076923077,1.0
XOM,extended,walk_forward,isolation_forest,10,440,0.23374408045370676,0.06845569440281266,0.3954545454545455,0.10956337084721773,0.29352507222332175,0.08399047812906026,0.6666666666666666,1.0,0.3333333333333333,0.6,0.13043478260869565,0.8823529411764706
XOM,extended,walk_forward,lof,10,440,0.2787403453364098,0.09820067109234935,0.5863636363636364,0.18232882836483255,0.3764158197017629,0.1260272036067164,0.75,1.0,0.7333333333333333,0.6,0.5217391304347826,0.9411764705882353
XOM,extended,walk_forward,ocsvm,10,440,0.24844029368680723,0.08644047809842505,0.5590909090909091,0.17843442205809568,0.3433137991025392,0.1151342323074726,0.5833333333333334,0.9,0.7333333333333333,0.6,0.5217391304347826,0.9411764705882353
XOM,extended,walk_forward,autoencoder,10,440,0.24599166259254054,0.08435183379730105,0.5499999999999999,0.1922571452959691,0.33943483026716675,0.11648388122136581,0.5833333333333334,0.8,0.4666666666666667,0.26666666666666666,0.6086956521739131,0.9411764705882353
XOM,extended,walk_forward,ensemble,10,440,0.2640997826118268,0.08946995135893494,0.5818181818181818,0.18829377433825437,0.36209467931697664,0.11945623921192183,0.6666666666666666,1.0,0.6666666666666666,0.5333333333333333,0.5217391304347826,0.9411764705882353
